<?xml version="1.0" encoding="UTF-8"?>
<project-private xmlns="http://www.netbeans.org/ns/project-private/1">
    <editor-bookmarks xmlns="http://www.netbeans.org/ns/editor-bookmarks/2" lastBookmarkId="0"/>
    <open-files xmlns="http://www.netbeans.org/ns/projectui-open-files/2">
        <group>
            <file>file:/C:/Users/alice/OneDrive/Área%20de%20Trabalho/CEET%20VASCO%20COUTINHO/MOD%20II/projeto-multidisciplinar/VaralChic/src/VaralChic/views/frmConsultaUsuario.java</file>
            <file>file:/C:/Users/alice/OneDrive/Área%20de%20Trabalho/CEET%20VASCO%20COUTINHO/MOD%20II/projeto-multidisciplinar/VaralChic/src/VaralChic/views/frmConsultaCliente.java</file>
            <file>file:/C:/Users/alice/OneDrive/Área%20de%20Trabalho/CEET%20VASCO%20COUTINHO/MOD%20II/projeto-multidisciplinar/VaralChic/src/VaralChic/views/frmAtualizarCliente.java</file>
            <file>file:/C:/Users/alice/OneDrive/Área%20de%20Trabalho/CEET%20VASCO%20COUTINHO/MOD%20II/projeto-multidisciplinar/VaralChic/src/VaralChic/model/CadastroUsuario.java</file>
            <file>file:/C:/Users/alice/OneDrive/Área%20de%20Trabalho/CEET%20VASCO%20COUTINHO/MOD%20II/projeto-multidisciplinar/VaralChic/src/VaralChic/main.java</file>
            <file>file:/C:/Users/alice/OneDrive/Área%20de%20Trabalho/CEET%20VASCO%20COUTINHO/MOD%20II/projeto-multidisciplinar/VaralChic/src/VaralChic/views/frmAtualizarUsuario.java</file>
            <file>file:/C:/Users/alice/OneDrive/Área%20de%20Trabalho/CEET%20VASCO%20COUTINHO/MOD%20II/projeto-multidisciplinar/VaralChic/src/VaralChic/model/CadastroUsuarioConexao.java</file>
            <file>file:/C:/Users/alice/OneDrive/Área%20de%20Trabalho/CEET%20VASCO%20COUTINHO/MOD%20II/projeto-multidisciplinar/VaralChic/src/VaralChic/model/CadastroClienteConexao.java</file>
        </group>
    </open-files>
</project-private>
